INSERT INTO ancoratges (nom) 
	VALUES 
		('Friends'),
		('Bagu	es'),
		('Pitons'),
		('Tricams'),
		('BigBros'),
		('Spits'),
		('Parabolts'),
		('Químics'),
		('Tascons');

INSERT INTO dificultats (nom) 
	VALUES 
		('4'),('4+'),
		('5'),('5+'),
		('6a'),('6a+'),('6b'),('6b+'),('6c'),('6c+'),
		('7a'),('7a+'),('7b'),('7b+'),('7c'),('7c+'),
		('8a'),('8a+'),('8b'),('8b+'),('8c'),('8c+'),
		('9a'),('9a+'),('9b'),('9b+'),('9c'),('9c+');

INSERT INTO materials (nom) 
	VALUES 
		('corda'),
		('Cinta exprés');

INSERT INTO tipus_roques (nom) 
	VALUES 
		('Granit'),
		('Arenisca'),
		('Conglomerat'),
		('Calcària'),
		('Gel'),
		('Altres');

INSERT INTO escaladors (nom, alies, edad, nivell, via_nom, estil) 
	VALUES 
		('Álvaro Masedo', 'Masedo', 18, '8b', 'Via7-Els tres pics', 'esportiva'),
		('Samuel Cañadas', 'Samu', 18, '6b+', 'Via15-La Trifuerza', 'clàssica'),
		('Victor Extremera', 'Victor', 18, '9a', 'Via29-El Matador', 'gel'),
		('Mark Gras', 'Markebab', 19, '7a', 'Via3-La catastrófica', 'gel');

INSERT INTO poblacions (poblacio_id,nom) 
	VALUES 
		(1,'Siurana'),
		(2,'Margalef'),
		(3,'Blanes'),
		(4,'Palafolls'),
		(5,'Barcelona');

INSERT INTO escoles (poblacio_id, nom, aproximacio, vies_qt, popularitat, restriccio) 
	VALUES
		(1, 'Escola Central', '15 minuts de caminada', 25, 'Alta', NULL),
		(2, 'Paret Sud', '10 minuts en bici', 40, 'Baixa', NULL),
		(3, 'Escola Mont-Ferrant', '30 minuts des de el centre de Blanes',10, 'Mitjana', NULL),
		(4, 'Escola St Lluís', '30 minuts en bici',20, 'Baixa', '2025-06-01'),
		(5, 'Escola Montjuic', '20 minuts de bus',50 , 'Alta', NULL);

INSERT INTO sectors (escola_id, sector_num, nom, coordenades, aproximacio, vies_qt, popularitat, restriccio) 
	VALUES 
		(1, 1, 'Sector Est', '41.2783, 0.9072', '5 minuts a peu', 8, 'Mitjana', '2025-06-01'),
		(1, 2, 'Sector Oest', '41.6761, 2.7879', '5 minuts amb bici (pujar pel camí blau)', 12, 'Alta', NULL),
		(1, 3, 'Sector Nord', '41.3685, 2.1565', '5 minuts a bici i 10 a peu (zona restringida)', 5, 'Mitjana', NULL),
		
		(2, 1, 'Les Agulles', '41.3685, 2.1565', '10 minuts a peu', 18, 'Alta', NULL),
		(2, 2, 'El Balcó del Mar', '41.3685, 2.1565', '15 minuts caminant des del pàrquing', 14, 'Baixa', '2025-08-01'),
		(2, 3, 'El Xaragall', '41.3685, 2.1565', 'Accés directe en bici', 8, 'Mitjana', NULL),
		
		(3, 1, 'Sant Pere', '8.2020, 42.9809', 'camí de color verd (a peu)', 10, 'Alta', NULL),

		(4, 1, 'La Fissura del Diable', '41.3685, 2.1565', '20 minuts amb fort desnivell', 7, 'Alta', NULL),
		(4, 2, 'Els Miradors', '41.3685, 2.1565', 'Ruta d’accés des del refugi (25 minuts)', 6, 'Mitjana', '2025-10-15'),
		(4, 3, 'Roca de la Llum', '41.3685, 2.1565', 'Tram exposat amb corda fixa (10 min)', 3, 'Alta', NULL),
		(4, 4, 'L’Emboscat', '41.3685, 2.1565', '5 minuts entre pins espessos', 4, 'Baixa', NULL),

		(5, 1, 'Cingle Estret', '41.3685, 2.1565', 'Accés fàcil en bici, 3 minuts', 10, 'Mitjana', NULL),
		(5, 2, 'El Pas del Vent', '41.3685, 2.1565', 'Senda marcada amb cordes (12 minuts)', 6, 'Alta', NULL),
		(5, 3, 'Balma del Sol', '41.3685, 2.1565', 'Des de la pista forestal, 20 minuts', 4, 'Mitjana', '2025-07-20'),
		(5, 4, 'Mur Gris', '41.3685, 2.1565', 'Accés directe amb vehicle 4x4', 5, 'Alta', NULL),
		(5, 5, 'Els Encantats', '41.3685, 2.1565', 'Camí estret amb vistes panoràmiques', 3, 'Mitjana', NULL),
		(5, 6, 'Agulles Negres', '41.3685, 2.1565', 'Ascens tècnic amb grimpada', 13, 'Alta', '2025-06-30'),
		(5, 7, 'Pla dels Cims', '41.3685, 2.1565', 'Ruta llarga però fàcil, 30 minuts', 9, 'Baixa', NULL);

INSERT INTO vies (sector_id, ancoratge_id, tipus_roca_id, escalador_id, via_num, nom, orientacio, estat, tipus, llargada) 
	VALUES 
		(1, 1, 4, 1, 1, 'Via1-Rocafonda', 'NE', 'Apta','C',16),
		(1, 2, 5, 2, 2, 'Via2-Vilamarí', 'SO', 'Tancada','E',15),
		(1, 1, 4, 1, 3, 'Via3-La catastrófica', 'NE', 'Apta','G',19),
		(1, 2, 5, 2, 4, 'Via4-Bellmunt', 'SO', 'Apta','C',20),
		(1, 1, 4, 1, 5, 'Via5-Montseny', 'NE', 'Apta','E',6),
		(1, 2, 5, 2, 6, 'Via6-Canigó', 'SO', 'Apta','C',26),
		(1, 1, 6, 3, 7, 'Via7-Els tres pics', 'E', 'Apta','G',18),
		(1, 2, 7, 4, 8, 'Via8-Gallifa', 'O', 'Apta','C',15),
		(1, 1, 3, 1, 9, 'Via9-Turó', 'N', 'Apta','C',15),
		(1, 2, 1, 2, 10, 'Via10-Fornells', 'S', 'Apta','C',16),
		(2, 1, 4, 1, 11, 'Via11-Jazmin', 'O', 'Apta','G',16),
		(2, 2, 5, 2, 12, 'Via12-Fenix', 'S', 'Apta','E',17),
		(2, 1, 4, 1, 13, 'Via13-Mirador', 'E', 'Apta','C',20),
		(2, 2, 5, 2, 14, 'Via14-Camèlia', 'N', 'Apta','C',18),
		(2, 1, 4, 1, 15, 'Via15-La Trifuerza', 'O', 'Apta','C',22),
		(2, 2, 5, 2, 16, 'Via16-Tulipa', 'S', 'Apta','C',27),
		(2, 1, 6, 3, 17, 'Via17-Estrella', 'N', 'Apta','G',23),
		(2, 2, 7, 4, 18, 'Via18-Rialles', 'E', 'Apta','C',20),
		(2, 1, 3, 1, 19, 'Via19-Lluna', 'S', 'Apta','E',28),
		(2, 2, 1, 2, 20, 'Via20-Gaudí', 'O', 'Apta','C',17),
		(3, 1, 4, 1, 21, 'Via21-Sol', 'N', 'Apta','E',6),
		(3, 2, 5, 2, 22, 'Via22-Marina', 'E', 'Apta','C',23),
		(3, 1, 4, 1, 23, 'Via23-Rosa', 'S', 'Apta','G',20),
		(3, 2, 5, 2, 24, 'Via24-Eucaliptus', 'O', 'Apta','E',6),
		(3, 1, 4, 1, 25, 'Via25-Ponent', 'N', 'Apta','G',22),
		(4, 1, 5, 3, 1, 'Via1-Aurora', 'S', 'Apta','C',24),
		(4, 2, 2, 4, 2, 'Via2-Terramar', 'E', 'Apta','E',12),
		(4, 1, 4, 1, 3, 'Via3-Passeig', 'O', 'Apta','C',21),
		(4, 2, 6, 2, 4, 'Via4-Nevada', 'N', 'Apta','G',17),
		(4, 1, 6, 3, 5, 'Via5-Safir', 'S', 'Apta','C',15),
		(4, 2, 7, 4, 6, 'Via6-Rubí', 'E', 'Apta','G',23),
		(4, 1, 3, 1, 7, 'Via7-Ametlla', 'O', 'Apta','C',18),
		(4, 2, 1, 2, 8, 'Via8-Sant Jordi', 'N', 'Apta','C',19),
		(4, 1, 5, 3, 9, 'Via9-Bosc', 'S', 'Apta','E',15),
		(4, 2, 2, 4, 10, 'Via10-Castell', 'E', 'Apta','C',21),
		(4, 1, 4, 1, 11, 'Via11-Girona', 'O', 'Apta','G',17),
		(4, 2, 6, 2, 12, 'Via12-Montjuïc', 'N', 'Apta','C',23),
		(4, 1, 6, 3, 13, 'Via13-Pedrera', 'S', 'Apta','C',15),
		(4, 2, 7, 4, 14, 'Via14-Roser', 'E', 'Apta','C',21),
		(4, 1, 3, 1, 15, 'Via15-Noucentista', 'O', 'Apta','E',17),
		(4, 2, 1, 2, 16, 'Via16-Mediterrani', 'N', 'Apta','G',17),
		(4, 1, 5, 3, 17, 'Via17-Eixample', 'S', 'Apta','G',13),
		(4, 2, 2, 4, 18, 'Via18-Vinya', 'E', 'Apta','E',19),
		(5, 1, 4, 1, 19, 'Via19-Rambla', 'O', 'Apta','C',21),
		(5, 2, 6, 2, 20, 'Via20-Miracle', 'N', 'Apta','G',17),
		(5, 2, 1, 2, 21, 'Via21-Lleó', 'S', 'Apta','C',23),
		(5, 2, 3, 1, 22, 'Via22-Fortalesa', 'E', 'Apta','E',15),
		(5, 2, 7, 3, 23, 'Via23-Olivar', 'O', 'Apta','C',21),
		(5, 2, 4, 2, 24, 'Via24-Encís', 'N', 'Apta','C',17),
		(5, 2, 5, 2, 25, 'Via25-Gessamí', 'S', 'Apta','G',23),
		(5, 1, 5, 4, 26, 'Via26-Atzavara', 'E', 'Apta','E',15),
		(5, 1, 2, 2, 27, 'Via27-Bruc', 'O', 'Apta','C',21),
		(5, 1, 1, 1, 28, 'Via28-Vinya', 'N', 'Apta','C',17),
		(5, 2, 2, 3, 29, 'Via29-El Matador', 'S', 'Apta','G',19),
		(5, 2, 3, 3, 30, 'Via30-Torreta', 'E', 'Construcció','C',15),
		(5, 1, 4, 3, 31, 'Via31-Llavanera', 'O', 'Apta','C',21),
		(5, 2, 3, 2, 32, 'Via32-Montserrat', 'N', 'Apta','G',17),
		(6, 2, 1, 2, 33, 'Via33-VilaRoja', 'NE', 'Apta','E',11),
		(6, 1, 4, 1, 34, 'Via34-Girona', 'SO', 'Apta','C',15),
		(6, 1, 2, 1, 35, 'Via35-Barceloneta', 'E', 'Apta','C',19),
		(6, 2, 3, 4, 36, 'Via36-CiutatVella', 'SE', 'Apta','E',17),
		(6, 1, 6, 3, 37, 'Via37-PasseigdeGracia', 'S', 'Apta','G',26),
		(6, 1, 2, 4, 38, 'Via38-SantMarti', 'O', 'Apta','C',19),
		(6, 1, 5, 4, 39, 'Via39-Montjuic', 'NO', 'Apta','C',21),
		(6, 2, 7, 2, 40, 'Via40-ElRaval', 'NE', 'Apta','E',17),
		(7, 2, 4, 4, 1, 'Via1-Sarrià', 'N', 'Apta','G',23),
		(7, 1, 1, 2, 2, 'Via2-Poblenou', 'S', 'Apta','E',15),
		(7, 2, 1, 1, 3, 'Via3-Gracia', 'SE', 'Apta','C',19),
		(7, 2, 3, 1, 4, 'Via4-Vallcarca', 'E', 'Apta','C',17),
		(7, 1, 1, 2, 5, 'Via5-ElBorn', 'O', 'Apta','E',21),
		(7, 2, 2, 3, 6, 'Via6-Diagonal', 'SO', 'Apta','G',15),
		(7, 1, 4, 4, 7, 'Via7-Gòtic', 'NE', 'Apta','C',23),
		(7, 2, 4, 3, 8, 'Via8-Cerdà', 'N', 'Apta','E',17),
		(7, 2, 6, 4, 9, 'Via9-SantAndreu', 'O', 'Apta','C',21),
		(7, 1, 5, 4, 10, 'Via10-Horta', 'S', 'Apta','G',19),
		(8, 1, 3, 2, 1, 'Via11-ElClot', 'NE', 'Apta','C',23),
		(8, 1, 2, 2, 2, 'Via12-LaRibera', 'NO', 'Apta','C',17),
		(8, 1, 5, 2, 3, 'Via13-Muntaner', 'SE', 'Apta','C',21),
		(8, 1, 2, 1, 4, 'Via14-NouBarrio', 'N', 'Apta','E',15),
		(8, 1, 1, 2, 5, 'Via15-PobleSec', 'E', 'Apta','C',19),
		(8, 2, 6, 2, 5, 'Via16-Sants', 'SO', 'Apta','E',17),
		(8, 2, 4, 3, 6, 'Via17-LEixample', 'NE', 'Apta','C',26),
		(9, 1, 3, 4, 7, 'Via18-SantMarti', 'S', 'Apta', 'C', 21),
        (9, 1, 4, 3, 8, 'Via19-LesCorts', 'NO', 'Apta', 'E', 17),
        (9, 1, 5, 2, 9, 'Via20-Pedralbes', 'SE', 'Apta', 'E', 23),
        (9, 1, 6, 1, 10, 'Via21-Raval', 'N', 'Apta', 'G', 15),
        (9, 1, 7, 1, 11, 'Via22-LaSagradaFamilia', 'SO', 'Construcció', 'C', 19),
        (10, 2, 4, 2, 12, 'Via23-Barceloneta', 'E', 'Apta', 'C', 17),
        (10, 2, 5, 2, 13, 'Via24-Diagonal', 'O', 'Apta', 'C', 21),
		(10, 2, 3, 3, 14, 'Via25-LesRambles', 'S', 'Apta', 'G', 15),
        (11, 2, 5, 1, 15, 'Via26-Montjuic', 'NE', 'Apta', 'G', 23),
        (11, 1, 4, 3, 16, 'Via27-Gracia', 'SO', 'Apta', 'E', 17),
        (11, 1, 3, 2, 17, 'Via28-Vallcarca', 'O', 'Apta', 'C', 21),
		(11, 1, 1, 1, 18, 'Via29-ElBorn', 'S', 'Apta', 'C', 19),
        (11, 2, 2, 2, 19, 'Via30-Sants', 'E', 'Apta', 'G', 23),
        (12, 1, 1, 3, 1, 'Via1-Rocafonda', 'E', 'Apta', 'C', 17),
        (12, 2, 5, 2, 2, 'Via2-Vilamarí', 'SO', 'Apta', 'E', 26),
        (12, 1, 6, 1, 3, 'Via3-Miralta', 'N', 'Apta', 'E', 21),
        (12, 2, 7, 3, 4, 'Via4-Bellmunt', 'NE', 'Apta', 'G', 17),
        (12, 1, 4, 4, 5, 'Via5-Montseny', 'SO', 'Apta', 'C', 23),
        (12, 2, 6, 3, 6, 'Via6-Canigó', 'SE', 'Apta', 'C', 15),
        (12, 1, 6, 2, 7, 'Via7-ElsTresPics', 'S', 'Apta', 'G', 19),
        (12, 2, 5, 1, 8, 'Via8-Gallifa', 'E', 'Apta', 'C', 17),
        (12, 1, 1, 4, 9, 'Via9-Turó', 'NO', 'Apta', 'E', 21),
        (12, 2, 1, 4, 10, 'Via10-Fornells', 'NE', 'Apta', 'G', 15),
        (13, 1, 2, 3, 11, 'Via11-Jazmin', 'S', 'Apta', 'C', 19),
        (13, 1, 3, 3, 12, 'Via12-Fenix', 'SE', 'Apta', 'C', 17),
        (13, 1, 3, 2, 13, 'Via13-Mirador', 'N', 'Apta', 'C', 21),
        (13, 2, 2, 1, 14, 'Via14-Camèlia', 'S', 'Apta', 'E', 15),
        (13, 2, 2, 3, 15, 'Via15-LaTrifuerza', 'SE', 'Apta', 'G', 23),
        (14, 1, 1, 4, 16, 'Via16-Sol', 'NE', 'Apta', 'C', 17),
        (14, 1, 4, 3, 17, 'Via17-Eixample', 'NO', 'Tancada', 'C', 21),
        (14, 1, 5, 2, 18, 'Via18-Rialles', 'E', 'Apta', 'G', 19),
        (14, 1, 4, 1, 19, 'Via19-Lluna', 'N', 'Apta', 'E', 15),
        (14, 1, 4, 2, 20, 'Via20-Gaudí', 'S', 'Apta', 'E', 17),
        (15, 1, 5, 3, 21, 'Via21-Marina', 'SO', 'Apta', 'C', 21),
        (15, 1, 3, 4, 22, 'Via22-Marina', 'SE', 'Apta', 'C', 15),
        (15, 1, 5, 3, 23, 'Via23-Rosa', 'NO', 'Apta', 'G', 19),
        (15, 1, 2, 2, 24, 'Via24-Eucaliptus', 'N', 'Apta', 'E', 17),
        (15, 2, 4, 1, 25, 'Via25-Ponent', 'S', 'Apta', 'E', 15),
        (15, 2, 1, 3, 26, 'Via26-Ponent', 'SE', 'Apta', 'G', 19),
        (15, 2, 5, 2, 27, 'Via27-Rambla', 'S', 'Apta', 'C', 21),
        (16, 2, 4, 1, 28, 'Via28-Atzavara', 'SO', 'Apta', 'E', 17),
        (16, 2, 3, 3, 29, 'Via29-Torreta', 'S', 'Apta', 'C', 23),
        (16, 2, 5, 4, 30, 'Via30-Tulipa', 'SE', 'Apta', 'E', 15),
        (17, 2, 2, 4, 31, 'Via31-Aurora', 'NE', 'Apta', 'G', 21),
        (17, 2, 7, 2, 32, 'Via32-Safir', 'E', 'Apta', 'G', 19),
		(17, 2, 6, 4, 33, 'Via33-Rubí', 'S', 'Apta', 'E', 23),
        (17, 2, 3, 4, 34, 'Via34-Mediterrani', 'NO', 'Apta', 'G', 17),
        (17, 1, 6, 2, 35, 'Via35-Pedrera', 'S', 'Apta', 'C', 15),
        (17, 2, 5, 4, 36, 'Via36-Vinya', 'SE', 'Apta', 'C', 19),
        (17, 2, 4, 4, 37, 'Via37-Sant Jordi', 'NO', 'Apta', 'E', 21),
        (17, 2, 2, 1, 38, 'Via38-Bosc', 'NE', 'Apta', 'G', 17),
        (17, 2, 7, 4, 39, 'Via39-Castell', 'O', 'Apta', 'G', 23),
        (17, 1, 1, 2, 40, 'Via40-Miracle', 'E', 'Apta', 'E', 15),
        (17, 2, 2, 3, 41, 'Via41-Tulipa', 'N', 'Apta', 'E', 19),
        (17, 1, 5, 2, 42, 'Via42-Canigó', 'NO', 'Apta', 'C', 17),
        (17, 2, 7, 1, 43, 'Via43-Gessamí', 'SO', 'Apta', 'G', 21),
        (18, 2, 4, 2, 44, 'Via44-Fortalesa', 'NO', 'Apta', 'E', 19),
        (18, 1, 3, 3, 45, 'Via45-Miralta', 'S', 'Apta', 'G', 23),
        (18, 1, 2, 1, 46, 'Via46-Sol', 'N', 'Apta', 'G', 21),
        (18, 2, 1, 2, 47, 'Via47-Roser', 'SE', 'Apta', 'C', 19),
        (18, 1, 2, 3, 48, 'Via48-Aurora', 'S', 'Apta', 'C', 19),
        (18, 1, 3, 2, 49, 'Via49-Sant Jordi', 'SO', 'Apta', 'E', 15),
        (18, 2, 5, 1, 50, 'Via50-Girona', 'SE', 'Apta', 'C', 23);

		
		
INSERT INTO vies_utilitza_materials (via_id, material_id) 
	VALUES
		(1, 2), (2, 1), (3, 1), (4, 2), (5, 1), (6, 2), (7, 1), (8, 2), (9, 1), (10, 2), 
		(11, 1), (12, 2), (13, 1), (14, 2), (15, 1), (16, 2), (17, 1), (18, 2), (19, 1), (20, 2), 
		(21, 1), (22, 2), (23, 1), (24, 2), (25, 1), (26, 2), (27, 1), (28, 2), (29, 1), (30, 2), 
		(31, 1), (32, 2), (33, 1), (34, 2), (35, 1), (36, 2), (37, 1), (38, 2), (39, 1), (40, 2), 
		(41, 1), (42, 2), (43, 1), (44, 2), (45, 1), (46, 2), (47, 1), (48, 2), (49, 1), (50, 2), 
		(51, 1), (52, 2), (53, 1), (54, 2), (55, 1), (56, 2), (57, 1), (58, 2), (59, 1), (60, 2), 
		(61, 1), (62, 2), (63, 1), (64, 2), (65, 1), (66, 2), (67, 1), (68, 2), (69, 1), (70, 2), 
		(71, 1), (72, 2), (73, 1), (74, 2), (75, 1), (76, 2), (77, 1), (78, 2), (79, 1), (80, 2), 
		(81, 1), (82, 2), (83, 1), (84, 2), (85, 1), (86, 2), (87, 1), (88, 2), (89, 1), (90, 2), 
		(91, 1), (92, 2), (93, 1), (94, 2), (95, 1), (96, 2), (97, 1), (98, 2), (99, 1), (100, 2), 
		(101, 1), (102, 2), (103, 1), (104, 2), (105, 1), (106, 2), (107, 1), (108, 2), (109, 1), (110, 2), 
		(111, 1), (112, 2), (113, 1), (114, 2), (115, 1), (116, 2), (117, 1), (118, 2), (119, 1), (120, 2), 
		(121, 1), (122, 2), (123, 1), (124, 2), (125, 1), (126, 2), (127, 1), (128, 2), (129, 1), (130, 2), 
		(131, 1), (132, 2), (133, 1), (134, 2), (135, 1), (136, 2), (137, 1), (138, 2), (139, 1), (140, 2), 
		(141, 1), (142, 2), (143, 1), (144, 2);


INSERT INTO trams (via_id, dificultat_id, nom, llargada) 
	VALUES 
		(1, 14, 'Pic de la Torta', 9),
		(1, 5, 'Serra Fosca', 7),
		(2, 3, 'Tossal Negre', 7),
		(2, 18, 'Puig Gelat', 8),
		(3, 21, 'Cim de la Lluna', 9),
		(3, 7, 'Roca Blava', 10),
		(4, 28, 'Turó del Llop', 15),
		(4, 11, 'Serra Verda', 5),
		(5, 19, 'Pic dels Ocells', 3),
		(5, 8, 'Puig de la Bruixa', 3),
		(6, 27, 'Cim del Sol', 24),
		(6, 16, 'Tossal Gran', 2),
		(7, 2, 'Serra del Foc', 14),
		(7, 23, 'Puig de Ferro', 4),
		(8, 9, 'Pic de la Boira', 6),
		(8, 4, 'Tossal del Vent', 9),
		(9, 28, 'Cim de les Aigues', 12),
		(9, 12, 'Puig de la Neu', 3),
		(10, 25, 'Serra del Silenci', 13),
		(10, 6, 'Pic de la Pau', 3),
		(11, 17, 'Tossal de la Calma', 2),
		(11, 10, 'Puig del Cel', 14),
		(12, 22, 'Cim de les Pedres', 8),
		(12, 13, 'Serra Llisa', 9),
		(13, 20, 'Pic del Falcó', 13),
		(13, 18, 'Tossal de la Pluja', 7),
		(14, 24, 'Puig de la Llum', 13),
		(14, 15, 'Serra del Temps', 5),
		(15, 26, 'Cim dels Pins', 9),
		(15, 1, 'Tossal Roig', 13),
		(16, 14, 'Pic de la Serra', 15),
		(16, 5, 'Puig del Corb', 12),
		(17, 3, 'Tossal de la Nit', 21),
		(17, 18, 'Cim de les Herbes', 2),
		(18, 21, 'Serra del Vidre', 15),
		(18, 7, 'Puig de la Sal', 5),
		(19, 28, 'Pic del Granit', 6),
		(19, 11, 'Tossal de la Llum', 22),
		(20, 19, 'Cim de la Terra', 12),
		(20, 8, 'Serra del Ventall', 5),
		(20, 27, 'Puig de la Mina', 2),
		(20, 16, 'Pic dels Esquirols', 3),
		(21, 14, 'Tossal de la Boira', 9),
		(21, 9, 'Serra del Llamp', 14),
		(22, 6, 'Puig de la Fosca', 16),
		(22, 22, 'Cim de la Pedra', 4),
		(23, 17, 'Pic del Tro', 3),
		(23, 10, 'Tossal de la Calitja', 3),
		(24, 25, 'Serra del Cingle', 16),
		(24, 2, 'Puig de la Fageda', 6),
		(25, 23, 'Cim dels Roures', 21),
		(25, 12, 'Tossal del Lliri', 2),
		(26, 20, 'Pic de la Font', 4),
		(26, 7, 'Serra del Grau', 8),
		(27, 28, 'Puig de la Serra', 9),
		(27, 13, 'Tossal de la Roca', 12),
		(28, 4, 'Cim del Bosc', 8),
		(28, 19, 'Pic de les Vinyes', 9),
		(29, 8, 'Serra del Clot', 7),
		(29, 27, 'Puig de la Pineda', 8),
		(30, 16, 'Tossal del Pi', 11),
		(30, 1, 'Cim de la Vall', 12),
		(31, 15, 'Pic del Roure', 9),
		(31, 26, 'Serra del Freixe', 8),
		(32, 24, 'Puig de la Fulla', 10),
		(32, 5, 'Tossal del Ventall', 9),
		(33, 18, 'Cim de la Pols', 7),
		(33, 11, 'Pic de la Llosa', 8),
		(34, 21, 'Serra del Cadi', 11),
		(34, 3, 'Puig de la Creu', 10),
		(35, 7, 'Tossal de la Serra', 9),
		(35, 22, 'Cim del Salt', 8),
		(36, 14, 'Pic de la Talaia', 12),
		(36, 9, 'Puig del Castell', 11),
		(37, 6, 'Serra del Marge', 8),
		(37, 25, 'Tossal de la Roureda', 7),
		(38, 17, 'Cim de la Costa', 11),
		(38, 10, 'Pic del Grau', 10),
		(39, 20, 'Puig de la Vall', 9),
		(39, 12, 'Serra del Pas', 8),
		(40, 23, 'Tossal del Camí', 8),
		(40, 2, 'Cim de la Serra', 9),
		(40, 19, 'Pic de la Mina', 7),
		(40, 8, 'Puig de la Font', 6),
		(41, 28, 'Serra del Sol', 10),
		(41, 13, 'Tossal de la Neu', 9),
		(42, 4, 'Cim del Torrent', 11),
		(42, 19, 'Pic de la Creu', 10),
		(43, 8, 'Puig de la Lluna', 9),
		(43, 27, 'Serra de la Nit', 8),
		(44, 16, 'Tossal del Cel', 12),
		(44, 1, 'Cim de les Flors', 11),
		(45, 15, 'Pic del Bosc', 8),
		(45, 26, 'Puig de la Prada', 7),
		(46, 24, 'Serra del Vent', 11),
		(46, 5, 'Tossal de la Llum', 10),
		(47, 18, 'Cim de la Roca', 9),
		(47, 11, 'Pic de la Serra', 8),
		(48, 21, 'Puig del Sol', 12),
		(48, 3, 'Serra de la Pluja', 11),
		(49, 7, 'Tossal de la Font', 8),
		(49, 22, 'Cim del Pi', 7),
		(50, 14, 'Pic de la Boira', 11),
		(50, 9, 'Puig de la Calma', 10),
		(51, 6, 'Serra del Silenci', 9),
		(51, 25, 'Tossal de la Pau', 8),
		(52, 17, 'Cim de la Terra', 10),
		(52, 10, 'Pic del Vent', 9),
		(53, 20, 'Puig de la Llum', 8),
		(53, 12, 'Serra Fosca', 7),
		(54, 23, 'Tossal Negre', 11),
		(54, 2, 'Cim de la Lluna', 10),
		(55, 19, 'Pic Gelat', 9),
		(55, 8, 'Puig Blau', 8),
		(56, 28, 'Serra del Llop', 6),
		(56, 13, 'Tossal Verda', 5),
		(57, 4, 'Cim dels Ocells', 8),
		(57, 19, 'Pic de la Bruixa', 7),
		(58, 8, 'Puig del Sol', 10),
		(58, 27, 'Serra Gran', 9),
		(59, 16, 'Tossal del Foc', 9),
		(59, 1, 'Cim de Ferro', 8),
		(60, 15, 'Pic de la Boira', 8),
		(60, 26, 'Puig del Vent', 7),
		(60, 24, 'Serra de les Aigues', 6),
		(60, 5, 'Tossal de la Neu', 5),
		(61, 18, 'Cim del Silenci', 10),
		(61, 11, 'Pic de la Calma', 9),
		(62, 21, 'Puig del Cel', 11),
		(62, 3, 'Serra de les Pedres', 10),
		(63, 7, 'Tossal Llis', 9),
		(63, 22, 'Cim del Falcó', 8),
		(64, 14, 'Pic de la Pluja', 12),
		(64, 9, 'Puig de la Llum', 11),
		(65, 6, 'Serra del Temps', 8),
		(65, 25, 'Tossal dels Pins', 7),
		(66, 17, 'Cim Roig', 10),
		(66, 10, 'Pic de la Serra', 9),
		(67, 20, 'Puig del Corb', 9),
		(67, 12, 'Serra de la Nit', 8),
		(68, 23, 'Tossal de les Herbes', 11),
		(68, 2, 'Cim del Vidre', 10),
		(69, 19, 'Pic de la Sal', 8),
		(69, 8, 'Puig del Granit', 7),
		(70, 28, 'Serra de la Llum', 12),
		(70, 13, 'Tossal de la Terra', 11),
		(71, 4, 'Cim del Ventall', 9),
		(71, 19, 'Pic de la Mina', 8),
		(72, 8, 'Puig dels Esquirols', 11),
		(72, 27, 'Serra de la Boira', 10),
		(73, 16, 'Tossal del Llamp', 10),
		(73, 1, 'Cim de la Fosca', 9),
		(74, 15, 'Pic de la Pedra', 12),
		(74, 26, 'Puig del Tro', 11),
		(75, 24, 'Serra de la Calitja', 9),
		(75, 5, 'Tossal del Cingle', 8),
		(76, 18, 'Cim de la Fageda', 11),
		(76, 11, 'Pic dels Roures', 10),
		(77, 21, 'Puig del Lliri', 8),
		(77, 3, 'Serra de la Font', 7),
		(78, 7, 'Tossal del Grau', 10),
		(78, 22, 'Cim de la Serra', 9),
		(79, 14, 'Pic de la Roca', 9),
		(79, 9, 'Puig del Bosc', 8),
		(80, 6, 'Serra de les Vinyes', 8),
		(80, 25, 'Tossal del Clot', 7),
		(80, 17, 'Cim de la Pineda', 6),
		(80, 10, 'Pic del Pi', 5),
		(81, 20, 'Puig de la Vall', 10),
		(81, 12, 'Serra del Roure', 9),
		(82, 23, 'Tossal del Freixe', 11),
		(82, 2, 'Cim de la Fulla', 10),
		(83, 19, 'Pic del Ventall', 9),
		(83, 8, 'Puig de la Pols', 8),
		(84, 28, 'Serra de la Llosa', 12),
		(84, 13, 'Tossal del Cadi', 11),
		(85, 4, 'Cim de la Creu', 8),
		(85, 19, 'Pic de la Serra', 7),
		(86, 8, 'Puig del Salt', 10),
		(86, 27, 'Serra de la Talaia', 9),
		(87, 16, 'Tossal del Castell', 9),
		(87, 1, 'Cim del Marge', 8),
		(88, 15, 'Pic de la Roureda', 11),
		(88, 26, 'Puig de la Costa', 10),
		(89, 24, 'Serra del Grau', 8),
		(89, 5, 'Tossal de la Vall', 7),
		(90, 18, 'Cim del Pas', 12),
		(90, 11, 'Pic del Camí', 11),
		(91, 21, 'Puig de la Serra', 9),
		(91, 3, 'Serra de la Mina', 8),
		(92, 7, 'Tossal de la Font', 11),
		(92, 22, 'Cim del Sol', 10),
		(93, 14, 'Pic de la Neu', 10),
		(93, 9, 'Puig del Torrent', 9),
		(94, 6, 'Serra de la Creu', 12),
		(94, 25, 'Tossal de la Lluna', 11),
		(95, 17, 'Cim de la Nit', 9),
		(95, 10, 'Pic del Cel', 8),
		(96, 20, 'Puig de les Flors', 8),
		(96, 12, 'Serra del Bosc', 7),
		(96, 23, 'Tossal de la Prada', 6),
		(96, 2, 'Cim del Vent', 5),
		(97, 19, 'Pic de la Llum', 11),
		(97, 8, 'Puig de la Serra', 10),
		(98, 28, 'Serra del Sol', 9),
		(98, 13, 'Tossal de la Pedra', 8),
		(99, 4, 'Cim del Tro', 12),
		(99, 19, 'Pic de la Calitja', 11),
		(100, 8, 'Puig del Cingle', 8),
		(100, 27, 'Serra de la Fageda', 7),
		(101, 16, 'Tossal dels Roures', 10),
		(101, 1, 'Cim del Lliri', 9),
		(102, 15, 'Pic de la Font', 9),
		(102, 26, 'Puig del Grau', 8),
		(103, 24, 'Serra de la Serra', 11),
		(103, 5, 'Tossal de la Roca', 10),
		(104, 18, 'Cim del Bosc', 8),
		(104, 11, 'Pic de les Vinyes', 7),
		(105, 21, 'Puig del Clot', 10),
		(105, 3, 'Serra de la Pineda', 9),
		(106, 7, 'Tossal del Pi', 9),
		(106, 22, 'Cim de la Vall', 8),
		(107, 14, 'Pic del Roure', 11),
		(107, 9, 'Puig del Freixe', 10),
		(108, 6, 'Serra de la Fulla', 8),
		(108, 25, 'Tossal del Ventall', 7),
		(109, 17, 'Cim de la Pols', 12),
		(109, 10, 'Pic de la Llosa', 11),
		(110, 20, 'Puig del Cadi', 9),
		(110, 12, 'Serra de la Creu', 8),
		(111, 23, 'Tossal de la Serra', 11),
		(111, 2, 'Cim del Salt', 10),
		(112, 19, 'Pic de la Talaia', 10),
		(112, 8, 'Puig del Castell', 9),
		(113, 28, 'Serra del Marge', 8),
		(113, 13, 'Tossal de la Roureda', 7),
		(114, 4, 'Cim de la Costa', 9),
		(114, 19, 'Pic del Grau', 8),
		(115, 8, 'Puig de la Vall', 11),
		(115, 27, 'Serra del Pas', 10),
		(116, 16, 'Tossal del Camí', 8),
		(116, 1, 'Cim de la Serra', 7),
		(117, 15, 'Pic de la Mina', 10),
		(117, 26, 'Puig de la Font', 9),
		(118, 24, 'Serra del Sol', 9),
		(118, 5, 'Tossal de la Neu', 8),
		(119, 18, 'Cim del Torrent', 8),
		(119, 11, 'Pic de la Creu', 7),
		(120, 21, 'Puig de la Lluna', 10),
		(120, 3, 'Serra de la Nit', 9),
		(121, 7, 'Tossal del Cel', 11),
		(121, 22, 'Cim de les Flors', 10),
		(122, 14, 'Pic del Bosc', 9),
		(122, 9, 'Puig de la Prada', 8),
		(123, 6, 'Serra del Vent', 12),
		(123, 25, 'Tossal de la Llum', 11),
		(124, 17, 'Cim de la Roca', 8),
		(124, 10, 'Pic de la Serra', 7),
		(125, 20, 'Puig del Sol', 11),
		(125, 12, 'Serra de la Pluja', 10),
		(126, 23, 'Tossal de la Font', 10),
		(126, 2, 'Cim del Pi', 9),
		(127, 19, 'Pic de la Boira', 12),
		(127, 8, 'Puig de la Calma', 11),
		(128, 28, 'Serra del Silenci', 9),
		(128, 13, 'Tossal de la Pau', 8),
		(129, 4, 'Cim de la Terra', 8),
		(129, 19, 'Pic del Vent', 7),
		(130, 8, 'Puig de la Llum', 10),
		(130, 27, 'Serra Fosca', 9),
		(131, 16, 'Tossal Negre', 11),
		(131, 1, 'Cim de la Lluna', 10),
		(132, 15, 'Pic Gelat', 9),
		(132, 26, 'Puig Blau', 8),
		(133, 24, 'Serra del Llop', 12),
		(133, 5, 'Tossal Verda', 11),
		(134, 18, 'Cim dels Ocells', 8),
		(134, 11, 'Pic de la Bruixa', 7),
		(135, 21, 'Puig del Sol', 10),
		(135, 3, 'Serra Gran', 9),
		(136, 7, 'Tossal del Foc', 9),
		(136, 22, 'Cim de Ferro', 8),
		(137, 14, 'Pic de la Boira', 11),
		(137, 9, 'Puig del Vent', 10),
		(138, 6, 'Serra de les Aigues', 10),
		(138, 25, 'Tossal de la Neu', 9),
		(139, 17, 'Cim del Silenci', 12),
		(139, 10, 'Pic de la Calma', 11),
		(140, 20, 'Puig del Cel', 9),
		(140, 12, 'Serra de les Pedres', 8),
		(141, 23, 'Tossal Llis', 11),
		(141, 2, 'Cim del Falcó', 10),
		(142, 19, 'Pic de la Pluja', 10),
		(142, 8, 'Puig de la Llum', 9),
		(143, 28, 'Serra del Temps', 8),
		(143, 13, 'Tossal dels Pins', 7),
		(144, 4, 'Cim del Tro', 12),
		(144, 19, 'Pic de la Calitja', 11);